Country,2021_GDP,2020_GDP,2019_GDP,2018_GDP,2017_GDP,2016_GDP,2015_GDP,2014_GDP,2013_GDP,2021_atw,2020_atw,2019_atw,2018_atw,2017_atw,2016_atw,2015_atw,2014_atw,2013_atw,2021_ami,2020_ami,2019_ami,2018_ami,2017_ami,2016_ami,2015_ami,2014_ami,2013_ami,2020_ia,2019_ia,2018_ia,2017_ia,2016_ia,2015_ia,2014_ia,2013_ia
Albania,"6,494.40","5,332.20","5,396.20","5,287.70","4,531.00","4,124.10","3,952.80","4,578.60","4,413.10",487.28,398.64,369.95,366.49,330.31,290.66,303.18,428,414.4,20.52,20.2,21.54,22.56,18.77,17.11,15.98,21.79,21.75,72.24,68.55,65.4,62.4,59.6,56.9,54.3,51.8
Algeria,"3,765.00","3,306.90","3,989.70","4,142.00","4,109.70","3,946.50","4,177.90","5,493.10","5,499.60",260.71,274.11,283.83,267.48,318.82,303.4,341.54,435.69,370.55,40.05,47.51,23.47,26.09,39.27,39.6,38.23,35.51,36.41,62.9,57.9,49.04,47.69,42.95,38.2,29.5,22.5
Argentina,"10,729.20","8,585.70","10,076.40","11,795.20","14,613.00","12,790.20","13,789.10","12,334.80","13,080.30",390.07,524.48,604.28,762.75,930.02,899.58,1039.06,1132.7,980.44,23.88,29.12,32.3,46.08,48.05,37.14,42.57,32.47,35.19,85.5,79.9,77.7,74.3,71,68,64.7,59.9
Australia,"59,934.10","51,680.30","54,875.30","57,180.80","53,934.30","49,881.80","56,707.00","62,511.70","68,156.60",4171.74,3495.24,3221.55,3422.99,3232.62,3218.02,3272.23,4002.54,4194.33,58.17,50.21,50.94,55.1,54.91,51.51,53.35,66.85,64.26,89.6,88.6,87.6,86.55,86.54,84.56,84,83.45
Austria,"53,267.90","48,588.70","50,114.40","51,486.60","47,429.20","45,307.60","44,195.80","51,786.40","50,731.10",2467.97,2429.99,2178.91,2308.15,2099.12,2081.52,1941.6,2544.1,2636.76,43.05,36.28,35.06,35.35,27.07,23.98,22.55,27,26.08,87.53,87.75,87.48,87.94,84.32,83.94,81,80.62
Azerbaijan,"5,384.00","4,229.90","4,805.80","4,739.80","4,147.10","3,880.70","5,500.30","7,891.30","7,875.80",341.12,296.9,335,283.14,243.86,292.95,414.21,713.92,529.33,15.52,19.62,17.7,14.11,13.54,14.17,19.37,33.15,34.17,84.6,81.1,79.8,79,78.2,77,75,73
Bahrain,"22,232.30","20,406.50","23,552.40","24,086.30","23,742.90","22,608.50","22,634.10","24,989.40","24,744.30",1361.76,1573.21,1172.65,1536.74,1288.71,1792.04,1531.26,1308.11,1084.46,48.15,58.43,57.64,41.48,47,33.01,39.26,42.74,54.39,99.67,99.7,98.64,95.88,98,93.48,90.5,90
Bangladesh,"2,503.00","2,270.30","2,154.20","1,991.50","1,839.60","1,679.00","1,248.50","1,118.90",981.9,320.83,287.09,356.6,341.85,335.67,345.24,327.56,358.94,360.82,36.1,30.14,29.06,28.14,22.45,38.23,46.36,46.33,38.69,24.8,23.8,21.8,19.8,18.1,12.9,11.9,6.63
Belarus,"7,303.70","6,555.40","6,837.70","6,360.10","5,785.70","5,039.70","5,967.10","8,341.40","7,998.10",424.91,426.77,467.77,442.97,389.09,344.91,354.58,520.59,529.74,12.74,11.89,14.39,13.86,12.02,9.5,11.18,19.61,20.16,85.09,82.79,79.13,74.44,71.11,62.23,59.02,54.17
Belgium,"51,767.80","45,189.40","46,599.10","47,549.20","44,198.50","42,012.60","41,008.30","47,764.10","46,758.00",2827.45,2456.11,2376.52,2241.24,2177.69,2126.92,2042.3,2412.68,2438.14,57.96,50.71,50.53,53.29,46.28,45.03,42.68,46.72,45.5,91.53,90.28,88.65,87.68,86.52,85.05,85,82.17
Bosnia And Herzegovina,"6,916.40","6,082.40","6,119.80","6,070.40","5,394.30","4,995.00","4,729.70","5,330.40","5,129.70",663.03,660.52,499.54,503.15,463.89,486.52,442.88,555.56,518.95,26.62,23.89,25.24,24.95,19.83,15,14.85,17.35,17.59,73.21,69.95,70.12,64.89,60.26,52.6,49.92,48.52
Brazil,"7,518.80","6,814.90","8,876.10","9,151.40","9,928.70","8,710.10","8,814.00","12,112.80","12,300.40",372.84,367.79,481.65,469.16,572.36,545.56,552.09,796.18,830.93,20.74,20.95,30.36,33.22,33.29,24.27,24.42,33.42,36.51,81.34,73.91,70.43,67.47,60.87,58.33,54.55,51.04
Bulgaria,"11,635.00","10,079.20","9,879.30","9,446.70","8,366.30","7,569.50","7,074.70","7,901.80","7,681.90",774.62,705.98,726.52,655.54,569.53,538.88,497.31,542.04,487.2,13.26,12.11,12.16,11.87,9.76,8.91,8.34,10.53,11.25,70.16,67.95,64.78,63.41,59.83,56.66,55.49,53.06
Canada,"52,051.40","43,258.30","46,328.70","46,548.60","45,129.40","42,315.60","43,596.10","50,956.00","52,635.20",3212.58,2434.22,2656.4,2388.25,2497.3,2288,2447.09,2798.69,2921.9,66.29,55.35,54.59,56.09,50.67,46.68,45.45,47.09,48.02,96.97,96.5,94.64,92.7,91.16,90,87.12,85.8
Chile,"16,502.80","13,220.60","14,699.50","15,772.30","14,962.60","13,690.90","13,495.00","14,607.00","15,777.80",683.33,619.8,714.82,863.16,730.06,779.47,897.03,967.78,944.39,33.24,31.4,36.81,42.09,39.74,34.62,37.12,48.9,38.89,88.3,86.1,84.9,82.33,83.56,76.63,61.11,58
China,"12,556.30","10,408.70","10,143.80","9,905.30","8,817.00","8,094.40","8,016.40","7,636.10","7,020.30",1206.46,1099.65,1027.31,1002.47,998.97,1046.45,1179.06,839.02,749.62,15.27,12.9,14.8,16.05,14.35,16.1,19.94,16.69,19.61,70.4,64.11,59.2,54.3,53.2,50.3,47.9,45.8
Colombia,"6,131.20","5,312.20","6,418.60","6,729.60","6,376.70","5,870.80","6,175.90","8,114.30","8,218.30",380.62,305.35,350.87,353.66,362.95,355.15,384.6,541.3,478.75,26.59,28.46,32.77,35.23,31.35,25.79,31.21,34.81,33.13,69.79,65.01,64.13,62.26,58.14,55.9,52.57,51.7
Costa Rica,"12,508.60","12,201.90","12,762.10","12,485.40","12,225.60","12,011.20","11,642.80","10,847.20","10,744.10",851.41,832.71,826.6,776.83,763.15,810.01,921.5,803.9,831.91,53.14,54.13,63.02,73.04,52.85,47.88,46.44,58.61,60.94,80.53,81.2,73.48,71.58,65.88,59.76,53,45.96
Croatia,"17,398.80","14,132.50","15,311.80","15,227.60","13,629.30","12,527.70","11,933.40","13,762.40","13,837.70",1123.85,908.52,965.99,925.68,840.34,802.47,720.74,887.44,848.47,28.24,27.51,25.01,26.15,24.84,24.07,23.34,27.45,25.33,78.32,79.08,75.29,67.1,72.7,69.85,68.57,66.75
Cyprus,"30,798.50","27,681.60","29,206.10","29,334.10","26,608.90","24,605.90","23,408.30","27,163.30","27,729.20",1514.82,1374.83,1287.83,1270.8,1328.41,1501.48,1149.56,1669.09,1490.68,40.36,43.36,43.91,47.62,41.92,34.11,38.44,46.42,41.13,90.8,86.06,84.43,80.74,75.9,71.72,69.33,65.45
Czech Republic,"26,378.50","22,933.50","23,660.10","23,419.70","20,636.20","18,575.20","17,829.70","19,890.90","20,133.20",1515.57,1211.75,1203.06,1147.96,1034.66,947.74,903.74,1109.11,1088.95,21.71,20,20.96,21.42,18.76,16.18,15.72,19.56,19.88,81.34,80.87,80.69,78.72,76.48,75.67,74.23,74.11
Denmark,"67,803.00","61,063.30","59,775.70","61,591.90","57,610.10","54,664.00","53,254.90","62,549.00","61,191.20",3842.44,3708.52,3226.71,3241.18,3077.64,2803.11,2990.34,3529.96,3340.93,39.74,38.54,37.3,36.97,35.43,28.45,28.03,34.76,29.99,96.55,98.05,97.32,97.1,96.97,96.33,95.99,94.63
Dominican Republic,"8,603.80","7,268.20","8,282.10","8,050.60","7,609.40","7,280.90","6,921.50","6,608.80","6,238.10",272.69,313.07,414.78,361.04,332.13,360.83,459,380.16,529.69,65.23,46.23,55.8,59.26,44.55,48.95,45.27,66.99,64.67,76.9,75.8,74.82,67.57,63.87,54.22,49.58,45.9
Ecuador,"5,934.90","5,627.80","6,222.50","6,295.90","6,213.50","6,060.10","6,124.50","6,377.10","6,056.30",482.22,462.71,571.82,520.21,477.5,450.61,501.07,403.75,352.6,39.42,42.6,41.54,38.8,35.87,34.02,38.3,43.3,52.49,64.6,61.6,57.5,55.8,54.06,48.94,45.59,40.28
Egypt,"3,876.40","3,569.20","3,019.10","2,537.10","2,444.30","3,519.90","3,562.90","3,379.60","3,262.70",279.48,244.53,225.09,175.52,155.52,299.14,339.88,289.09,254.07,18.81,17.12,17.87,16.37,18.62,45.98,55.84,50.15,51.86,71.91,57.28,46.92,44.95,41.25,37.82,33.89,29.4
Estonia,"27,280.70","23,054.40","23,397.90","23,063.60","20,437.80","18,295.30","17,402.00","20,261.10","19,056.00",1563.37,1312.09,1303.05,1213.77,1073.1,978.37,891.94,1022.14,792.68,29.71,25.93,26.56,25.59,22.57,17.45,16.92,21.68,24.24,89.06,90.23,89.36,88.1,87.24,88.41,84.24,80
Finland,"53,982.60","49,160.80","48,628.60","49,988.90","46,412.10","43,814.00","42,801.90","50,327.20","49,892.20",3100.95,2840.53,2681.88,2662.31,2600.69,2589.04,2434.8,2885.89,2885.38,25.65,24.97,26.66,28.36,22.41,21.25,20.06,24.06,28.43,92.17,89.61,88.89,87.47,87.7,86.42,86.53,91.51
France,"43,518.50","39,037.10","40,578.60","41,592.80","38,781.00","37,062.50","36,652.90","43,068.50","42,605.00",2918.92,2474.46,2307.52,2281.51,2286.78,2219.38,2200.15,2620.53,2783.05,36.49,30.83,31.26,32.96,29.55,30.15,30.35,36.5,36.91,84.8,83.34,82.04,80.5,79.27,78.01,83.75,81.92
Georgia,"5,042.40","4,255.70","4,696.20","4,722.00","4,357.00","4,062.20","4,014.20","4,739.20","4,623.70",361.19,340.27,286.17,320.94,317.98,309.95,235.01,344.59,303.64,14.12,15.14,16.44,16.86,14.63,12.59,10.46,13.42,18,72.53,68.85,62.72,59.71,58.46,47.57,44,43.3
Germany,"50,801.80","46,252.70","46,794.90","47,973.60","44,652.60","42,136.10","41,103.30","48,023.90","46,298.90",3462.34,2810.83,2636.52,2604.86,2545.54,2501.38,2442.51,2776.85,2670.98,41.78,36.51,35.43,35.48,30.68,27.55,25.65,31.29,29.03,89.81,88.13,87.04,84.39,84.17,87.59,86.19,84.17
Greece,"20,276.50","17,647.20","19,133.80","19,757.00","18,582.10","17,924.00","18,083.90","21,616.70","21,787.80",939.9,844.34,847.66,817.09,755.11,791.25,821.38,1027.21,857.56,40.47,36.33,34.92,36.14,26.54,23.48,21.03,25.73,24.77,78.12,75.67,72.24,69.89,69.09,66.83,63.21,59.87
Hong Kong,"49,660.60","46,101.00","48,356.10","48,537.60","46,160.40","43,733.90","42,431.90","40,315.30","38,403.80",3193.76,2877.69,2621.78,2430.53,2711.54,2655.67,2918.23,2588.88,2481.79,26,24.53,24.41,28.08,25.24,28.07,25.47,25.05,25.48,92.41,91.74,90.51,89.42,87.48,84.95,79.87,74.2
Hungary,"18,772.70","16,076.00","16,735.70","16,427.40","14,623.70","13,107.40","12,720.70","14,298.80","13,720.00",1003.85,864.7,832.79,773.62,694.37,616.86,539.61,714.42,664.03,15.63,15.2,14.69,15.37,15.13,14.77,14.14,18.26,15.38,84.77,80.37,76.07,76.75,79.26,72.83,75.65,72.64
Iceland,"68,383.80","59,264.00","68,941.50","74,469.80","72,010.10","61,987.90","52,951.70","54,576.70","49,805.00",3509.39,3109.21,3293.57,3581.76,3481.03,2410.41,2161.21,2341.64,2227.14,78.41,71.4,68.26,68.48,62.94,54.6,58.56,63.7,67.94,99,99,99.01,98.26,98.24,98.2,98.16,96.55
India,"2,277.40","1,933.10","2,072.20","1,998.30","1,980.70","1,732.60","1,605.60","1,573.90","1,449.60",579.72,492.2,521.83,535.11,617.76,557.67,558.23,531.13,511.58,10.69,11.26,12.08,14.02,17.11,18.37,19.9,21.19,21.32,43,29.4,20.08,18.2,16.5,14.9,13.5,12.3
Indonesia,"4,291.80","3,870.60","4,135.20","3,893.90","3,837.60","3,562.80","3,331.70","3,491.60","3,623.90",363.46,361.01,348.28,299.41,432.66,336.31,347.7,318.88,376.39,33.39,29.64,31.34,31.09,29.08,26.62,26.36,32.61,37.01,53.73,47.69,39.9,32.34,25.45,22.06,17.14,14.94
Iraq,"5,048.40","4,583.70","5,943.50","5,915.90","4,985.50","4,550.70","4,688.30","6,637.70","7,076.60",592.78,550.79,612.44,549.2,570.7,723.63,724.08,679.91,524.15,39.73,37.55,48.87,40.12,41.03,42.94,56.07,54.38,52.89,70.63,60,43.3,41.94,37.67,16.8,13.21,9.2
Ireland,"99,152.10","85,422.50","80,886.60","79,107.60","69,774.00","62,861.60","62,012.50","55,599.90","51,533.00",3396.11,2833.15,2754.64,2647.91,2469.95,2647.37,2660.83,2807.62,2832.24,58.25,57.34,58.98,58.96,52.81,47.73,42.45,45.7,46.62,92,87,87,84.11,83.5,83.49,83.49,78.25
Israel,"51,430.10","44,177.60","43,951.20","42,063.50","40,774.10","37,330.30","35,808.40","37,847.60","36,499.50",2948.82,2478.73,2372.65,2233.85,2629.44,2017.15,1943.21,2363.3,1835.23,30.37,26.8,26.28,25.4,24.77,21.45,21.26,22.5,24.61,90.13,86.79,83.73,81.58,79.65,77.35,75.02,70.25
Italy,"35,551.30","31,835.00","33,673.50","34,622.20","32,406.70","30,960.70","30,242.40","35,565.70","35,560.10",1814.55,1681.22,1605.13,1625.74,1596.66,1599.84,1714.22,1997.4,2060.21,35.13,32.02,32.67,32.32,29.8,30.42,29.17,35.1,32.85,70.48,76.1,74.39,63.08,61.32,58.14,55.64,58.46
Japan,"39,285.20","39,918.20","40,458.00","39,727.10","38,834.10","39,375.50","34,960.60","38,475.40","40,898.60",3113.45,2812.27,2727.54,2706,2709.76,2622.86,2324.27,2513.66,2968.04,42.07,43.05,44.97,42.81,37.75,37.92,34.1,37.61,37.77,90.22,92.73,91.28,91.73,93.18,91.06,89.11,88.22
Jordan,"4,405.80","4,282.80","4,405.50","4,308.20","4,231.50","4,175.40","4,164.10","4,131.40","4,044.40",545.08,632.93,624.02,648.94,628.99,626.59,614.06,628.11,661.64,39.8,44.58,43.21,45.37,49.5,41.72,41.44,42.58,42.33,79.94,72.69,66.1,64.5,56.15,54.22,46.2,41.4
Kazakhstan,"10,041.50","9,121.60","9,812.60","9,812.60","9,247.60","7,714.80","10,510.80","12,807.30","13,890.60",455.64,453.81,426.1,421.62,415.06,407.26,731.76,757.19,753.49,12.35,11.81,11.59,12.47,12.34,12.62,21.61,22.42,27.89,85.94,81.88,78.9,76.43,74.59,70.83,66,63.3
Kenya,"2,006.80","1,872.10","1,909.30","1,794.10","1,633.50","1,525.20","1,464.60","1,462.20","1,354.80",483.06,400.23,383.14,374.7,328.02,317.5,306.38,421.65,478.41,59.26,49.37,59.06,61.74,50.06,42.06,45.2,56.04,41.86,29.5,22.57,19.5,17.83,16.6,16.59,16.5,13
Latvia,"20,642.20","17,704.00","17,926.80","17,865.00","15,695.10","14,331.80","13,786.50","15,742.40","15,007.50",1124.65,912.69,914.44,818.67,684.11,699.04,662.33,766.27,705.68,18.25,16.8,18.28,17.56,15.38,13.53,12.55,14.35,17.26,88.9,86.14,83.58,80.11,79.84,79.2,75.83,75.23
Lebanon,"2,670.40","3,801.80","7,527.40","8,003.80","7,776.00","7,617.70","7,643.00","7,681.70","7,928.30",780.39,842.39,968.36,1046.29,1095.87,1014.49,1109.34,1200,970.28,52.96,51.28,59.35,44.96,48.05,57.88,55.57,61.34,58.22,84.1,80.9,80.9,78.18,76.11,74,73,70.5
Lithuania,"23,433.40","20,232.30","19,575.80","19,186.20","16,885.40","15,008.30","14,264.00","16,551.00","15,729.70",1236.13,985.49,934.67,866.99,752.9,705.25,653.91,775.17,699.36,14.79,12.23,12.43,12.67,11.49,10.78,9.39,11.82,12.03,83.06,81.58,79.72,77.62,74.38,71.38,72.13,68.45
Luxembourg,"135,682.80","116,356.20","113,218.70","117,254.70","110,193.20","106,899.30","105,462.00","123,678.70","120,000.10",4683.91,4318.09,3862.91,3635.24,3695.1,3277.85,3562.84,3951.22,5405.84,69.24,59.96,53.25,55.47,50.38,43.06,42.08,49.26,38.96,98.82,97.12,97.06,97.36,98.14,96.38,94.67,93.78
Malaysia,"11,371.10","10,412.30","11,432.80","11,380.10","10,259.30","9,817.80","9,955.20","11,319.10","10,970.10",828.46,907,893.85,929.72,896.86,901.35,1023.73,1020.46,1103.72,28.31,28.22,29.42,37.75,39.24,39.42,44.35,45,46.54,89.56,84.19,81.2,80.14,78.79,71.06,63.67,57.06
Malta,"33,257.40","28,946.50","31,185.60","31,573.10","28,857.00","25,624.50","24,921.60","26,754.30","24,771.10",1600.95,1487.02,1202.35,1301.74,1219.63,1319.36,1182.59,1737.92,1351.52,41.8,34.74,41.68,37.17,32.04,25.91,24.18,28.24,29.22,86.86,85.78,81.66,81.01,78.08,75.96,73.17,68.91
Mexico,"9,926.40","8,431.70","9,950.20","9,687.00","9,287.80","8,744.50","9,616.60","10,928.90","10,725.20",590.97,494.85,558.05,494.1,575.74,549.27,714.34,783.44,770.88,26.68,24.21,27.15,25.72,24.66,21.73,25.82,30.79,30.29,71.97,70.07,65.77,63.85,59.54,57.43,44.39,43.46
Morocco,"3,496.80","3,058.70","3,235.00","3,227.00","3,035.50","2,896.70","2,875.30","3,171.70","3,121.70",431.83,442.88,422.43,412.94,456.5,421.7,409.95,526.88,340.14,38.21,31.76,35.9,30.9,25.84,24.32,21.72,22.41,22.81,84.12,74.38,64.8,61.76,58.27,57.08,56.8,56
Nepal,"1,222.90","1,147.50","1,195.00","1,178.50","1,048.50",899.5,901.7,844.9,823.4,252.19,237.04,207.76,222.77,202.74,174.55,183.18,150.91,182.52,14.68,17.08,18,18.61,18.38,26.01,53.97,18.15,29.85,37.7,32.8,28.6,24.3,20.7,17.58,15.44,13.3
Netherlands,"58,061.00","52,396.00","52,476.30","53,044.50","48,675.20","46,039.10","45,193.40","52,900.50","52,198.90",3573.06,2898.91,2788.67,2738.27,2511.58,2474.04,2415.2,3088.8,2904.77,52.19,44.64,45.03,44.07,40.13,30.87,26.71,32.07,31.24,91.33,93.29,91.89,93.2,90.41,91.72,91.67,93.96
New Zealand,"48,801.70","41,596.50","42,865.20","43,250.40","42,925.00","40,058.20","38,630.70","44,572.90","42,976.60",3227.73,2626.04,2645.2,2667.28,2596.69,2437.06,2360.84,2554.46,2698.84,58.63,50.28,55.51,59.17,61.08,59.41,58.74,73.62,72.62,91.5,90.2,89,87.7,86.5,85.2,84,82.78
Nigeria,"2,085.00","2,097.10","2,229.90","2,027.80","1,968.60","2,176.00","2,687.50","3,099.00","2,961.50",231.26,191.82,235.42,200.82,230.76,409.23,635.93,713.26,713.8,54.79,40.91,45.56,39.68,63.88,71.95,74.24,75.93,87.06,35.5,33.6,31.9,28,25.67,24.5,21,19.1
Norway,"89,202.80","67,329.70","75,719.80","82,267.80","75,496.80","70,460.60","74,355.50","97,019.20","102,913.50",3859.08,3226.29,3347.26,3496.03,3304.25,3302.12,3369.02,4435.39,4221.55,60.09,50.09,56.29,56.5,49.18,42.23,39.94,52.91,55.18,97,98,96.49,96.36,97.3,96.81,96.3,95.05
Oman,"16,439.30","14,485.40","17,700.70","18,947.40","17,329.20","16,772.70","18,444.90","23,017.90","23,888.60",1611.14,1875.02,1798.94,1399.33,1489.57,1972.39,2118.62,1816.43,2196.12,72.89,81.22,79.98,70.47,60.49,60.42,60.26,60.52,65.79,95.23,90.3,85.5,80.19,76.85,73.53,70.22,66.45
Pakistan,"1,537.90","1,359.50","1,481.80","1,678.00","1,631.50","1,540.20","1,356.70","1,251.20","1,208.90",231.94,220.65,238.27,277.28,300.86,286.81,258.59,279.71,259.98,23.46,20.94,21.33,24.12,28.8,31.99,26.96,28.23,28.97,25,17.07,15.34,13.78,12.39,11,10,9
Peru,"6,692.20","6,117.50","7,023.10","6,958.50","6,710.50","6,205.00","6,229.10","6,672.90","6,756.80",469.35,430.7,494.94,458.93,434.24,531.36,515.32,469.48,450.46,33.1,33.07,38.8,38.58,43.7,46.6,41.04,56.58,62.6,65.25,59.95,55.05,50.45,45.46,40.85,40.2,39.2
Philippines,"3,548.80","3,301.20","3,485.30","3,252.10","3,123.20","3,073.70","3,001.00","2,959.60","2,871.40",351.68,318.98,326.9,300.88,394.04,374.05,335.58,414.82,351.83,47.02,46.26,47.44,42.68,43.57,46.78,47.51,46.17,44.7,49.8,43.03,44.1,41.6,39.2,36.9,34.7,32.7
Poland,"17,840.90","15,742.50","15,732.20","15,468.50","13,864.70","12,447.40","12,578.50","14,271.30","13,696.50",1186.39,884.61,964.12,931.95,900.77,844.5,792.54,985.97,871.59,15.47,13.72,14.05,14.44,13.22,11.66,12.08,14.83,14.87,83.18,80.44,77.54,75.99,73.3,68,66.6,62.85
Portugal,"24,262.20","22,194.60","23,330.80","23,562.60","21,490.40","19,992.00","19,250.10","22,103.70","21,653.20",1128.18,999.33,991.25,956.02,909.08,949.61,874.31,1101.54,1049.29,41.13,36.72,36.44,36.01,32.17,29.27,25.68,31.03,29.15,78.26,75.35,74.66,73.79,70.42,68.63,64.59,62.1
Qatar,"61,276.00","50,124.40","62,088.00","65,907.90","59,124.90","57,163.00","63,039.10","83,858.30","85,050.70",2982.94,3132.82,3256.97,3289.97,3275.94,3088.19,3490.79,3473.27,3763.49,92.08,84.27,90.97,85.09,71.6,69.87,71.95,85.02,92.55,99.65,99.65,99.65,97.39,95.12,92.88,91.49,85.3
Romania,"14,861.90","12,956.60","12,899.30","12,399.00","10,807.00","9,548.60","8,969.10","10,043.70","9,547.90",852.12,726.04,675.31,635.69,632.87,535.74,499.51,530.48,483.1,9.66,8.59,9,9.2,8.35,7.96,7.85,10.31,9.79,78.46,73.66,70.68,63.75,59.5,55.76,54.08,49.76
Russia,"12,172.80","10,162.00","11,536.30","11,287.40","10,720.30","8,704.90","9,313.00","14,095.60","15,974.60",654.59,637.91,636.73,649.47,704.45,548.43,654.82,872.49,827.15,6.67,6.86,7.43,7.61,7.65,5.83,7.07,10.75,12.91,97.86,95.72,93.31,94.18,74.88,69.62,64.71,60.5
Saudi Arabia,"23,585.90","20,203.70","23,450.60","24,228.80","20,802.50","19,878.80","20,627.90","24,464.20","24,845.10",1747.12,1687.53,1600.62,1635.9,1651.27,1808.12,1774.43,1823.79,1741.74,70.78,65.36,67.82,64.06,57.59,41.39,37.89,47.6,52.38,78.37,77.42,73.36,70.33,67.06,65.32,62.08,53.45
Serbia,"9,215.00","7,730.70","7,417.20","7,252.40","6,292.50","5,765.20","5,589.00","6,600.10","6,755.10",626.64,512.75,466.23,433.38,389.66,387.88,368.37,504.05,503.62,23.9,21.78,23.62,23.81,16.66,14.4,14.19,18.59,20.24,92,88.95,88.17,84.45,84.45,83.2,82.1,80.9
Singapore,"72,794.00","60,729.50","65,831.20","66,859.30","61,150.70","56,860.40","55,646.60","57,562.50","56,967.40",4094.02,3518.56,3272.3,2975.78,3022.34,3130.46,3152.95,3098.76,2854.14,33.65,31.79,33.43,31.99,34.07,31.65,30.8,31.38,32.18,86.6,83.11,79.75,78.89,75.5,73.1,71.59,72.68
Slovakia,"21,087.80","19,266.50","19,303.50","19,390.00","17,538.00","16,512.30","16,342.20","18,655.80","18,208.40",1231.67,1052,1055.67,989.85,942.79,913.54,796.16,955.7,872.37,21.4,17.95,18,19.22,16.51,16.02,14.11,16.55,17.71,70,68.2,62.4,56.17,54,51.92,49,46.5
Slovenia,"29,200.80","25,489.50","25,943.00","26,116.90","23,514.00","21,678.40","20,890.20","24,247.20","23,503.30",1533.14,1271.54,1283.56,1225.38,1184.44,1168.63,1114.17,1283.76,1218.09,41.94,39.12,37.77,38.34,34.15,30.38,29.88,30.13,31.24,96.51,96.16,96.02,95.07,92.84,89.9,87.56,84.77
South Africa,"6,994.20","5,655.90","6,624.80","7,005.10","6,690.90","5,757.00","6,259.80","6,988.80","7,467.10",1614.2,1152.82,1254.9,1261.45,1382.45,1210.02,1431.61,1573.4,1548.71,63.6,52.96,65.26,74.57,64.75,55.07,62.6,66.58,64.98,93.21,90.72,86.11,84.6,80.56,78.69,76.19,71.64
South Korea,"34,757.70","31,597.50","31,902.40","33,436.90","31,616.80","29,288.90","28,732.20","29,249.60","27,182.70",2467.81,2074.69,2285.01,2654.17,2420.52,2095.37,2420.95,2570.58,2010.81,24.18,21.21,22.75,26.1,21.68,22.93,22.5,24.69,24.85,35,29,26,21.3,15.1,12.1,10.5,8.13
Spain,"30,115.70","27,056.40","29,554.50","30,364.60","28,170.20","26,523.30","25,742.40","29,500.80","29,067.80",1903.21,1583.77,1555.09,1535.66,1497.37,1470.12,1455.36,1680.36,1540.21,43.02,44.36,46.22,48.91,42.79,38.6,36.36,46.15,42.93,94.54,94.49,89.25,93.01,89.65,90.61,92.52,94.78
Sri Lanka,"3,814.70","3,694.00","3,848.20","4,059.20","4,077.00","3,886.30","3,843.80","3,819.30","3,610.30",258.91,264.72,294,279.69,273.7,259.5,262.35,296.12,374.24,16.77,15.87,17.94,15.91,16.52,17.2,25.72,12.48,21.7,94.2,93.15,91.8,89.69,89.13,87.48,87.4,86.34
Sweden,"60,239.00","52,300.20","51,939.40","54,589.10","53,791.50","51,965.20","51,545.50","60,020.40","61,126.90",3337.37,2626.65,2809.28,2623.39,2577.61,2699.14,2460.93,3130.23,3095.81,38.22,29.24,32.78,32.42,31.73,30.01,28.19,35.45,34.97,77.84,66.65,56.82,52.89,47.5,39.32,34.89,28.94
Switzerland,"93,457.40","87,100.40","85,334.50","86,388.40","83,352.10","83,073.30","84,776.10","89,684.70","88,109.50",7023.07,6276.63,5613.73,5423.69,5381.41,5381.96,5927.93,6710.39,5982.82,59.35,61.29,58.15,60.75,59.71,50.66,54.17,49.23,49.59,79.86,76.65,73.56,70.6,67.8,65.1,62.4,59.9
Thailand,"7,233.40","7,158.80","7,814.40","7,298.90","6,593.80","5,993.30","5,840.10","5,951.90","6,168.30",659.25,619.19,648.16,648.2,586.53,574.71,504.35,531.49,581.64,19.85,20.63,22.58,23.11,20.13,17.7,18.58,19.04,21.88,71.9,66.7,64.19,55.5,49.6,46.5,46.16,43.8
Trinidad And Tobago,"15,243.10","15,285.90","17,123.10","17,139.20","16,747.90","16,241.40","18,383.50","20,290.50","20,162.70",693.72,966.85,806.19,938.73,1006.82,798.06,945.02,1094.89,704.35,45.98,53.12,46.69,45.45,37.4,31.19,36.59,30.94,42.45,75.04,70.12,62.55,58.89,53,48.88,46.24,40.95
Tunisia,"3,924.30","3,597.20","3,571.90","3,690.90","3,687.80","3,924.30","4,094.80","4,544.00","4,444.80",320.5,281.97,295.52,319.21,269.59,316.09,315.2,423.61,377.18,22.06,19.34,17.15,19.09,18.24,20.78,21.08,28.61,24.82,100,99.15,98.45,94.82,90.6,90.5,90.4,88
Turkey,"4,835.60","3,751.70","3,661.50","3,096.60","2,638.30","2,187.70","2,124.70","3,104.60","4,187.70",438.36,453.23,477.54,527.98,638.29,723.91,699.4,781.69,846.3,14.5,15.4,15.99,17.59,18.63,19.53,20.58,27.16,30.54,94.82,92.52,90.69,90.42,94.78,92,91.61,89.84
Ukraine,"35,171.00","36,284.60","42,701.40","43,839.30","40,644.80","38,141.90","38,663.40","43,751.80","42,412.60",524.6,414.46,408.92,319.71,251.45,211.62,202.36,257.64,442.82,5.99,5.63,5.03,4.57,3.99,3.38,3.87,5.9,8.79,90.9,89.43,88.5,87.27,85.54,74.55,73,71.4
United Arab Emirates,"47,334.40","41,098.10","43,070.50","43,647.00","40,857.80","41,499.60","45,404.60","47,787.20","43,713.80",3065.62,2845.4,2862.41,2863.5,3411.24,3267.2,3164.38,2973.89,3151.22,100.09,97.42,102.37,99.12,95.26,88.31,85.02,79.75,72.33,86.1,83.35,80.73,70.32,66.4,64.57,61.46,57.69
United Kingdom,"69,287.50","63,027.70","65,094.80","62,805.30","59,914.80","57,866.70","56,762.70","55,123.80","53,291.10",3398.35,2618.43,2482.18,2497.96,2383.74,2567.44,2587.35,2775.62,2733.11,42.77,38.1,39.31,41.26,33.97,32.91,31.42,31.86,29.25,70.3,68.66,69.85,58.14,53,45,41,38.5
United States,"17,020.60","15,418.80","17,688.00","18,703.90","18,690.90","16,715.60","15,613.70","16,831.90","16,973.70",4734.67,4232.47,3527.15,3309.3,3178.94,3143.53,2801.03,2727.65,3163.19,68.55,65.84,65.24,62.43,59.66,52.8,49.7,47.2,46.73,84.99,82.64,80.86,76.01,73.09,70.1,70.52,67.97
Uruguay,"3,694.00","3,526.30","3,425.10","3,230.90","2,974.10","2,745.60","2,581.60","2,545.40","2,354.90",705.75,612.2,742.01,894.91,635.4,552.78,722.88,1086.41,888.71,38.31,31.37,33.51,34.34,35.61,27.34,29.25,33.52,44.06,89.92,82.85,80.45,81.63,80.48,77.63,79.98,77.88
Vietnam,"9,586.60","8,536.40","9,121.50","9,454.30","10,589.70","10,894.60","11,006.30","12,158.00","12,614.80",505.18,438.11,390.45,408.15,440.02,323.77,262.17,248.08,307.51,10.92,10.33,11.43,11.28,10.85,11.68,11.37,14.36,12.92,77.67,73.98,71.04,64.68,58.35,53.74,51.04,46.25